﻿CREATE DATABASE vetweb_database;

INSERT INTO perfil VALUES ('ROLE_usuario');
INSERT INTO perfil VALUES ('ROLE_admin');
INSERT INTO usuario VALUES ('VetWeb', 'VetWeb', '$2a$10$s.RdnBYSfM1X77Yn0kkutuj0hOH3hY7.ocwCv2ZsGOFWV3HegOljm');
INSERT INTO usuario VALUES ('admin', 'admin', '$2a$10$P/QiTaO3tKya8OT0ZXYH.uIVybUZ02cHoQdo7iyK4l0CxlcDhg8Gi');
INSERT INTO usuario_perfil VALUES ('admin', 'ROLE_admin');
INSERT INTO usuario_perfil VALUES ('VetWeb', 'ROLE_usuario');

insert into especie (especieid, descricao) values (1, 'Ephippiorhynchus mycteria');
insert into especie (especieid, descricao) values (2, 'Merops sp.');
insert into especie (especieid, descricao) values (3, 'Sauromalus obesus');
insert into especie (especieid, descricao) values (4, 'Dendrocygna viduata');
insert into especie (especieid, descricao) values (5, 'Bubalornis niger');
insert into especie (especieid, descricao) values (6, 'Psittacula krameri');
insert into especie (especieid, descricao) values (7, 'Ratufa indica');
insert into especie (especieid, descricao) values (8, 'unavailable');
insert into especie (especieid, descricao) values (9, 'Semnopithecus entellus');
insert into especie (especieid, descricao) values (10, 'Ovis orientalis');
insert into especie (especieid, descricao) values (11, 'Gazella granti');
insert into especie (especieid, descricao) values (12, 'Pitangus sulphuratus');
insert into especie (especieid, descricao) values (13, 'Crotaphytus collaris');
insert into especie (especieid, descricao) values (14, 'Pycnonotus nigricans');
insert into especie (especieid, descricao) values (15, 'Diceros bicornis');
insert into especie (especieid, descricao) values (16, 'Alcelaphus buselaphus cokii');
insert into especie (especieid, descricao) values (17, 'Lophoaetus occipitalis');
insert into especie (especieid, descricao) values (18, 'Phoenicopterus chilensis');
insert into especie (especieid, descricao) values (19, 'Heloderma horridum');
insert into especie (especieid, descricao) values (20, 'Cordylus giganteus');
insert into especie (especieid, descricao) values (21, 'Mycteria ibis');
insert into especie (especieid, descricao) values (22, 'Diomedea irrorata');
insert into especie (especieid, descricao) values (23, 'Gymnorhina tibicen');
insert into especie (especieid, descricao) values (24, 'Sus scrofa');
insert into especie (especieid, descricao) values (25, 'Chlidonias leucopterus');
insert into especie (especieid, descricao) values (26, 'Eumetopias jubatus');
insert into especie (especieid, descricao) values (27, 'Geococcyx californianus');
insert into especie (especieid, descricao) values (28, 'Lamprotornis nitens');
insert into especie (especieid, descricao) values (29, 'Galago crassicaudataus');
insert into especie (especieid, descricao) values (30, 'Aonyx capensis');
insert into especie (especieid, descricao) values (31, 'Phoeniconaias minor');
insert into especie (especieid, descricao) values (32, 'Vulpes chama');
insert into especie (especieid, descricao) values (33, 'Boa caninus');
insert into especie (especieid, descricao) values (34, 'Varanus komodensis');
insert into especie (especieid, descricao) values (35, 'Phasianus colchicus');
insert into especie (especieid, descricao) values (36, 'Macropus agilis');
insert into especie (especieid, descricao) values (37, 'Amblyrhynchus cristatus');
insert into especie (especieid, descricao) values (38, 'Spermophilus armatus');
insert into especie (especieid, descricao) values (39, 'Bubalus arnee');
insert into especie (especieid, descricao) values (40, 'Oryx gazella');
insert into especie (especieid, descricao) values (41, 'Felis libyca');
insert into especie (especieid, descricao) values (42, 'Limnocorax flavirostra');
insert into especie (especieid, descricao) values (43, 'Chelodina longicollis');
insert into especie (especieid, descricao) values (44, 'Echimys chrysurus');
insert into especie (especieid, descricao) values (45, 'Casmerodius albus');
insert into especie (especieid, descricao) values (46, 'Threskionis aethiopicus');
insert into especie (especieid, descricao) values (47, 'Microcebus murinus');
insert into especie (especieid, descricao) values (48, 'Bubo virginianus');
insert into especie (especieid, descricao) values (49, 'Lepus arcticus');
insert into especie (especieid, descricao) values (50, 'Bucorvus leadbeateri');




insert into pelagem (pelagemid, descricao) values (1, 'Green');
insert into pelagem (pelagemid, descricao) values (2, 'Maroon');
insert into pelagem (pelagemid, descricao) values (3, 'Turquoise');
insert into pelagem (pelagemid, descricao) values (4, 'Mauv');
insert into pelagem (pelagemid, descricao) values (5, 'Orange');
insert into pelagem (pelagemid, descricao) values (6, 'Red');
insert into pelagem (pelagemid, descricao) values (7, 'Maroon');
insert into pelagem (pelagemid, descricao) values (8, 'Goldenrod');
insert into pelagem (pelagemid, descricao) values (9, 'Maroon');
insert into pelagem (pelagemid, descricao) values (10, 'Mauv');
insert into pelagem (pelagemid, descricao) values (11, 'Violet');
insert into pelagem (pelagemid, descricao) values (12, 'Khaki');
insert into pelagem (pelagemid, descricao) values (13, 'Violet');
insert into pelagem (pelagemid, descricao) values (14, 'Puce');
insert into pelagem (pelagemid, descricao) values (15, 'Goldenrod');
insert into pelagem (pelagemid, descricao) values (16, 'Orange');
insert into pelagem (pelagemid, descricao) values (17, 'Yellow');
insert into pelagem (pelagemid, descricao) values (18, 'Aquamarine');
insert into pelagem (pelagemid, descricao) values (19, 'Indigo');
insert into pelagem (pelagemid, descricao) values (20, 'Turquoise');
insert into pelagem (pelagemid, descricao) values (21, 'Turquoise');
insert into pelagem (pelagemid, descricao) values (22, 'Teal');
insert into pelagem (pelagemid, descricao) values (23, 'Indigo');
insert into pelagem (pelagemid, descricao) values (24, 'Green');
insert into pelagem (pelagemid, descricao) values (25, 'Mauv');
insert into pelagem (pelagemid, descricao) values (26, 'Violet');
insert into pelagem (pelagemid, descricao) values (27, 'Turquoise');
insert into pelagem (pelagemid, descricao) values (28, 'Goldenrod');
insert into pelagem (pelagemid, descricao) values (29, 'Red');
insert into pelagem (pelagemid, descricao) values (30, 'Violet');
insert into pelagem (pelagemid, descricao) values (31, 'Teal');
insert into pelagem (pelagemid, descricao) values (32, 'Purple');
insert into pelagem (pelagemid, descricao) values (33, 'Yellow');
insert into pelagem (pelagemid, descricao) values (34, 'Mauv');
insert into pelagem (pelagemid, descricao) values (35, 'Violet');
insert into pelagem (pelagemid, descricao) values (36, 'Maroon');
insert into pelagem (pelagemid, descricao) values (37, 'Mauv');
insert into pelagem (pelagemid, descricao) values (38, 'Violet');
insert into pelagem (pelagemid, descricao) values (39, 'Red');
insert into pelagem (pelagemid, descricao) values (40, 'Crimson');
insert into pelagem (pelagemid, descricao) values (41, 'Indigo');
insert into pelagem (pelagemid, descricao) values (42, 'Indigo');
insert into pelagem (pelagemid, descricao) values (43, 'Mauv');
insert into pelagem (pelagemid, descricao) values (44, 'Red');
insert into pelagem (pelagemid, descricao) values (45, 'Maroon');
insert into pelagem (pelagemid, descricao) values (46, 'Goldenrod');
insert into pelagem (pelagemid, descricao) values (47, 'Green');
insert into pelagem (pelagemid, descricao) values (48, 'Fuscia');
insert into pelagem (pelagemid, descricao) values (49, 'Fuscia');
insert into pelagem (pelagemid, descricao) values (50, 'Violet');



insert into raca (racaid, descricao, especie_especieid) values (1, 'Scrophulariaceae', 1);
insert into raca (racaid, descricao, especie_especieid) values (2, 'Asteraceae', 2);
insert into raca (racaid, descricao, especie_especieid) values (3, 'Asteraceae', 3);
insert into raca (racaid, descricao, especie_especieid) values (4, 'Poaceae', 4);
insert into raca (racaid, descricao, especie_especieid) values (5, 'Physciaceae', 5);
insert into raca (racaid, descricao, especie_especieid) values (6, 'Ectolechiaceae', 6);
insert into raca (racaid, descricao, especie_especieid) values (7, 'Linaceae', 7);
insert into raca (racaid, descricao, especie_especieid) values (8, 'Cactaceae', 8);
insert into raca (racaid, descricao, especie_especieid) values (9, 'Polygonaceae', 9);
insert into raca (racaid, descricao, especie_especieid) values (10, 'Ericaceae', 10);
insert into raca (racaid, descricao, especie_especieid) values (11, 'Hypnaceae', 11);
insert into raca (racaid, descricao, especie_especieid) values (12, 'Solanaceae', 12);
insert into raca (racaid, descricao, especie_especieid) values (13, 'Rosaceae', 13);
insert into raca (racaid, descricao, especie_especieid) values (14, 'Pinaceae', 14);
insert into raca (racaid, descricao, especie_especieid) values (15, 'Brassicaceae', 15);
insert into raca (racaid, descricao, especie_especieid) values (16, 'Hydrophyllaceae', 16);
insert into raca (racaid, descricao, especie_especieid) values (17, 'Brassicaceae', 17);
insert into raca (racaid, descricao, especie_especieid) values (18, 'Rosaceae', 18);
insert into raca (racaid, descricao, especie_especieid) values (19, 'Euphorbiaceae', 19);
insert into raca (racaid, descricao, especie_especieid) values (20, 'Asteraceae', 20);
insert into raca (racaid, descricao, especie_especieid) values (21, 'Ranunculaceae', 21);
insert into raca (racaid, descricao, especie_especieid) values (22, 'Cyperaceae', 22);
insert into raca (racaid, descricao, especie_especieid) values (23, 'Rubiaceae', 23);
insert into raca (racaid, descricao, especie_especieid) values (24, 'Polemoniaceae', 24);
insert into raca (racaid, descricao, especie_especieid) values (25, 'Asteraceae', 25);
insert into raca (racaid, descricao, especie_especieid) values (26, 'Oxalidaceae', 26);
insert into raca (racaid, descricao, especie_especieid) values (27, 'Caryophyllaceae', 27);
insert into raca (racaid, descricao, especie_especieid) values (28, 'Apocynaceae', 28);
insert into raca (racaid, descricao, especie_especieid) values (29, 'Fabaceae', 29);
insert into raca (racaid, descricao, especie_especieid) values (30, 'Celastraceae', 30);
insert into raca (racaid, descricao, especie_especieid) values (31, 'Polygonaceae', 31);
insert into raca (racaid, descricao, especie_especieid) values (32, 'Fabaceae', 32);
insert into raca (racaid, descricao, especie_especieid) values (33, 'Rosaceae', 33);
insert into raca (racaid, descricao, especie_especieid) values (34, 'Polemoniaceae', 34);
insert into raca (racaid, descricao, especie_especieid) values (35, 'Scrophulariaceae', 35);
insert into raca (racaid, descricao, especie_especieid) values (36, 'Cyperaceae', 36);
insert into raca (racaid, descricao, especie_especieid) values (37, 'Alismataceae', 37);
insert into raca (racaid, descricao, especie_especieid) values (38, 'Rubiaceae', 38);
insert into raca (racaid, descricao, especie_especieid) values (39, 'Poaceae', 39);
insert into raca (racaid, descricao, especie_especieid) values (40, 'Peltigeraceae', 40);
insert into raca (racaid, descricao, especie_especieid) values (41, 'Onagraceae', 41);
insert into raca (racaid, descricao, especie_especieid) values (42, 'Rosaceae', 42);
insert into raca (racaid, descricao, especie_especieid) values (43, 'Asteraceae', 43);
insert into raca (racaid, descricao, especie_especieid) values (44, 'Brassicaceae', 44);
insert into raca (racaid, descricao, especie_especieid) values (45, 'Acarosporaceae', 45);
insert into raca (racaid, descricao, especie_especieid) values (46, 'Liliaceae', 46);
insert into raca (racaid, descricao, especie_especieid) values (47, 'Sarraceniaceae', 47);
insert into raca (racaid, descricao, especie_especieid) values (48, 'Polygalaceae', 48);
insert into raca (racaid, descricao, especie_especieid) values (49, 'Acanthaceae', 49);
insert into raca (racaid, descricao, especie_especieid) values (50, 'Pottiaceae', 50);




insert into pessoas (pessoaid, nome, rg, cpf, sexo, nascimento, inclusao, nacionalidade, cep, rua, bairro, cidade, estado, numero, complemento, telefone, celular, email) values (1, 'Blayne Chatters', '83318752-9', '737196384-21', 'M', '24/10/2066', '17/12/2109', 'Dutch', '19651-341', 'American', 'Plaza', 'Itaberaí', null, '92', 'Distributed bandwidth-monitored hardware', '70-5149-9023', '47-77963-5858', 'bchatters0@so-net.ne.jp');
insert into pessoas (pessoaid, nome, rg, cpf, sexo, nascimento, inclusao, nacionalidade, cep, rua, bairro, cidade, estado, numero, complemento, telefone, celular, email) values (2, 'Thaxter Berks', '50192781-8', '140276134-44', 'M', '18/01/2061', '15/03/1941', 'Dhivehi', '64095-822', 'Randy', 'Plaza', 'Tours', 'A3', '67064', 'Function-based incremental internet solution', '13-2942-3236', '69-73954-6846', 'tberks1@typepad.com');
insert into pessoas (pessoaid, nome, rg, cpf, sexo, nascimento, inclusao, nacionalidade, cep, rua, bairro, cidade, estado, numero, complemento, telefone, celular, email) values (3, 'Thayne Rudkin', '23612553-9', '939937289-28', 'M', '05/07/2118', '25/11/2997', 'Polish', '25091-184', 'East', 'Street', 'Göteborg', 'O', '08', 'Compatible executive capacity', '56-5558-0839', '48-86331-4091', 'trudkin2@chicagotribune.com');
insert into pessoas (pessoaid, nome, rg, cpf, sexo, nascimento, inclusao, nacionalidade, cep, rua, bairro, cidade, estado, numero, complemento, telefone, celular, email) values (4, 'Judas Rozanski', '42175195-4', '023974429-44', 'M', '05/06/1962', '09/08/2630', 'Somali', '54724-213', 'Hoffman', 'Hill', 'Dodoma', null, '588', 'Integrated reciprocal Graphic Interface', '63-9227-5368', '59-81312-0668', 'jrozanski3@comcast.net');
insert into pessoas (pessoaid, nome, rg, cpf, sexo, nascimento, inclusao, nacionalidade, cep, rua, bairro, cidade, estado, numero, complemento, telefone, celular, email) values (5, 'Wilek Grigolli', '08856795-0', '815827508-35', 'M', '24/12/2139', '23/06/2124', 'Assamese', '86998-369', 'Elka', 'Terrace', 'Floresta', null, '134', 'Optional transitional emulation', '34-2445-5789', '23-91980-2025', 'wgrigolli4@deliciousdays.com');
insert into pessoas (pessoaid, nome, rg, cpf, sexo, nascimento, inclusao, nacionalidade, cep, rua, bairro, cidade, estado, numero, complemento, telefone, celular, email) values (6, 'Cointon Hallwood', '42406570-5', '600406738-79', 'M', '04/04/2015', '01/11/2611', 'Thai', '08502-823', 'Loomis', 'Plaza', 'Bechyně', null, '7997', 'Balanced needs-based matrices', '75-8918-3641', '71-20820-2215', 'challwood5@mysql.com');
insert into pessoas (pessoaid, nome, rg, cpf, sexo, nascimento, inclusao, nacionalidade, cep, rua, bairro, cidade, estado, numero, complemento, telefone, celular, email) values (7, 'Dara Alliberton', '02176359-3', '810265423-14', 'F', '01/11/2855', '07/01/2356', 'Moldovan', '79250-935', '4th', 'Center', 'Bessonovka', null, '98', 'Open-architected full-range core', '76-2151-2912', '52-57854-4144', 'dalliberton6@cbsnews.com');
insert into pessoas (pessoaid, nome, rg, cpf, sexo, nascimento, inclusao, nacionalidade, cep, rua, bairro, cidade, estado, numero, complemento, telefone, celular, email) values (8, 'Roshelle Pohlke', '06529137-2', '783045385-00', 'F', '24/06/2460', '14/04/2433', 'Hindi', '24557-171', 'Reindahl', 'Point', 'Kuantan', 'PHG', '848', 'Integrated high-level website', '27-4558-1489', '20-47901-6282', 'rpohlke7@wp.com');
insert into pessoas (pessoaid, nome, rg, cpf, sexo, nascimento, inclusao, nacionalidade, cep, rua, bairro, cidade, estado, numero, complemento, telefone, celular, email) values (9, 'Bronny Hanselmann', '74326956-4', '910478881-06', 'M', '23/10/1902', '05/11/2099', 'Irish Gaelic', '59489-323', 'Bluejay', 'Street', 'Lingion', null, '19', 'Expanded bi-directional firmware', '60-3800-0257', '33-99764-0037', 'bhanselmann8@geocities.jp');
insert into pessoas (pessoaid, nome, rg, cpf, sexo, nascimento, inclusao, nacionalidade, cep, rua, bairro, cidade, estado, numero, complemento, telefone, celular, email) values (10, 'Rosie Defew', '87704359-3', '470992261-49', 'F', '30/11/2438', '29/10/2959', 'Azeri', '60990-747', 'Forster', 'Center', 'Tengah', null, '13', 'Synergistic encompassing function', '55-2247-3400', '28-92682-6142', 'rdefew9@wufoo.com');
insert into pessoas (pessoaid, nome, rg, cpf, sexo, nascimento, inclusao, nacionalidade, cep, rua, bairro, cidade, estado, numero, complemento, telefone, celular, email) values (11, 'Lennard Greystock', '34124909-7', '145649156-62', 'M', '26/08/2972', '02/03/2941', 'Portuguese', '83872-831', 'Pankratz', 'Plaza', 'Amagarapati', null, '984', 'Expanded web-enabled definition', '36-8403-8437', '69-71922-9576', 'lgreystocka@msn.com');
insert into pessoas (pessoaid, nome, rg, cpf, sexo, nascimento, inclusao, nacionalidade, cep, rua, bairro, cidade, estado, numero, complemento, telefone, celular, email) values (12, 'Zack Genney', '28906005-3', '466284721-86', 'M', '21/08/2352', '17/10/2052', 'Moldovan', '65339-527', 'Bartelt', 'Crossing', 'Busungbiu', null, '1680', 'Compatible demand-driven middleware', '92-8575-5779', '29-33692-2113', 'zgenneyb@adobe.com');
insert into pessoas (pessoaid, nome, rg, cpf, sexo, nascimento, inclusao, nacionalidade, cep, rua, bairro, cidade, estado, numero, complemento, telefone, celular, email) values (13, 'Antonino Hopkins', '34531258-6', '033788826-18', 'M', '21/02/2938', '25/10/2579', 'Kannada', '59286-682', 'Florence', 'Trail', 'Glad', null, '2', 'Intuitive stable software', '69-0662-5908', '64-42564-3612', 'ahopkinsc@businessweek.com');
insert into pessoas (pessoaid, nome, rg, cpf, sexo, nascimento, inclusao, nacionalidade, cep, rua, bairro, cidade, estado, numero, complemento, telefone, celular, email) values (14, 'Louisette Spalls', '08889487-2', '643339274-77', 'F', '18/03/2341', '19/09/1971', 'Zulu', '68950-565', 'Anderson', 'Point', 'Rufino', null, '7', 'Ergonomic didactic application', '60-6160-2095', '59-86590-5879', 'lspallsd@uiuc.edu');
insert into pessoas (pessoaid, nome, rg, cpf, sexo, nascimento, inclusao, nacionalidade, cep, rua, bairro, cidade, estado, numero, complemento, telefone, celular, email) values (15, 'Carlene Hesey', '61647258-8', '244901468-77', 'F', '24/11/2638', '16/08/2530', 'Māori', '94235-272', 'Ramsey', 'Hill', 'Machang', null, '5', 'Optional responsive parallelism', '17-0547-0827', '93-34863-1237', 'cheseye@cpanel.net');
insert into pessoas (pessoaid, nome, rg, cpf, sexo, nascimento, inclusao, nacionalidade, cep, rua, bairro, cidade, estado, numero, complemento, telefone, celular, email) values (16, 'Queenie McWhinnie', '17946159-9', '533627464-08', 'F', '08/04/2970', '15/08/2778', 'Spanish', '46463-634', 'Kipling', 'Center', 'Al Fujayrah', null, '883', 'Synchronised non-volatile service-desk', '94-9525-1650', '58-15021-6043', 'qmcwhinnief@bloglovin.com');
insert into pessoas (pessoaid, nome, rg, cpf, sexo, nascimento, inclusao, nacionalidade, cep, rua, bairro, cidade, estado, numero, complemento, telefone, celular, email) values (17, 'Sandra Fleckness', '47285391-8', '501013850-52', 'F', '15/07/2620', '10/03/2907', 'Dutch', '65823-174', 'Lawn', 'Drive', 'Trudobelikovskiy', null, '25', 'Profound stable local area network', '45-6778-0122', '47-64851-1885', 'sflecknessg@moonfruit.com');
insert into pessoas (pessoaid, nome, rg, cpf, sexo, nascimento, inclusao, nacionalidade, cep, rua, bairro, cidade, estado, numero, complemento, telefone, celular, email) values (18, 'Darn Stoffers', '09624829-8', '077377217-99', 'M', '30/07/1992', '02/12/2856', 'Swati', '40350-890', 'Melody', 'Junction', 'Sandyford', null, '723', 'Advanced methodical migration', '63-2291-8381', '21-64379-6150', 'dstoffersh@hp.com');
insert into pessoas (pessoaid, nome, rg, cpf, sexo, nascimento, inclusao, nacionalidade, cep, rua, bairro, cidade, estado, numero, complemento, telefone, celular, email) values (19, 'Cy Hinners', '16350298-1', '880349114-94', 'M', '15/04/2258', '20/02/2408', 'Albanian', '26324-407', 'Oakridge', 'Circle', 'Orléans', 'A3', '09891', 'Digitized real-time toolset', '18-5896-2385', '69-35096-5547', 'chinnersi@cnet.com');
insert into pessoas (pessoaid, nome, rg, cpf, sexo, nascimento, inclusao, nacionalidade, cep, rua, bairro, cidade, estado, numero, complemento, telefone, celular, email) values (20, 'Emylee Vondrak', '20696012-5', '904267692-54', 'F', '24/11/2626', '30/07/2274', 'Romanian', '67826-725', 'Talisman', 'Place', 'Santiago de los Caballeros', null, '52', 'Self-enabling object-oriented pricing structure', '89-3048-4026', '72-19194-9427', 'evondrakj@skyrock.com');
insert into pessoas (pessoaid, nome, rg, cpf, sexo, nascimento, inclusao, nacionalidade, cep, rua, bairro, cidade, estado, numero, complemento, telefone, celular, email) values (21, 'Fields Ortet', '95576044-7', '208240040-58', 'M', '13/03/2939', '09/05/1981', 'Italian', '19393-297', '4th', 'Point', 'Wisznice', null, '3911', 'Phased clear-thinking focus group', '39-7470-3841', '38-52363-0974', 'fortetk@who.int');
insert into pessoas (pessoaid, nome, rg, cpf, sexo, nascimento, inclusao, nacionalidade, cep, rua, bairro, cidade, estado, numero, complemento, telefone, celular, email) values (22, 'Kin Kenewel', '88012528-9', '106758571-78', 'M', '13/04/2238', '30/07/2678', 'Chinese', '97300-295', 'Badeau', 'Park', 'Youlan', null, '7', 'Adaptive static system engine', '21-4478-6876', '82-48621-4510', 'kkenewell@scribd.com');
insert into pessoas (pessoaid, nome, rg, cpf, sexo, nascimento, inclusao, nacionalidade, cep, rua, bairro, cidade, estado, numero, complemento, telefone, celular, email) values (23, 'Maurice Thickens', '93232406-4', '272767467-72', 'M', '09/03/2439', '16/04/2639', 'West Frisian', '46673-474', 'Elgar', 'Trail', 'Feričanci', null, '6315', 'Customer-focused fresh-thinking contingency', '05-3974-4546', '04-38590-6841', 'mthickensm@cbsnews.com');
insert into pessoas (pessoaid, nome, rg, cpf, sexo, nascimento, inclusao, nacionalidade, cep, rua, bairro, cidade, estado, numero, complemento, telefone, celular, email) values (24, 'Thebault Nock', '94661714-5', '722362708-75', 'M', '27/08/2817', '24/07/2372', 'Yiddish', '10449-103', 'Rieder', 'Way', 'Skellefteå', 'AC', '908', 'Front-line value-added frame', '10-7873-5726', '85-14671-5538', 'tnockn@weather.com');
insert into pessoas (pessoaid, nome, rg, cpf, sexo, nascimento, inclusao, nacionalidade, cep, rua, bairro, cidade, estado, numero, complemento, telefone, celular, email) values (25, 'Port Askham', '82880737-0', '868293573-73', 'M', '25/04/2705', '07/03/2400', 'Gagauz', '39776-069', 'Westerfield', 'Alley', 'Kumane', null, '81', 'Extended interactive process improvement', '86-6498-2490', '47-80116-3422', 'paskhamo@fema.gov');
insert into pessoas (pessoaid, nome, rg, cpf, sexo, nascimento, inclusao, nacionalidade, cep, rua, bairro, cidade, estado, numero, complemento, telefone, celular, email) values (26, 'Janina McCunn', '35210999-4', '657494062-40', 'F', '12/09/2481', '11/05/2608', 'Macedonian', '80753-427', 'Old Gate', 'Lane', 'Izmaylovo', null, '0', 'Secured local matrix', '46-5478-6520', '46-75557-1622', 'jmccunnp@prlog.org');
insert into pessoas (pessoaid, nome, rg, cpf, sexo, nascimento, inclusao, nacionalidade, cep, rua, bairro, cidade, estado, numero, complemento, telefone, celular, email) values (27, 'August Patterfield', '31682737-3', '258819600-94', 'M', '23/01/2310', '15/07/1914', 'Finnish', '42419-180', 'Stuart', 'Center', 'Xiangrong', null, '78', 'Distributed explicit definition', '14-4034-0931', '84-37867-6386', 'apatterfieldq@gov.uk');
insert into pessoas (pessoaid, nome, rg, cpf, sexo, nascimento, inclusao, nacionalidade, cep, rua, bairro, cidade, estado, numero, complemento, telefone, celular, email) values (28, 'Andra Sigfrid', '81985614-0', '590988936-32', 'F', '16/08/2060', '13/03/2452', 'Czech', '45668-283', 'Center', 'Parkway', 'Mocímboa', null, '1', 'Grass-roots dynamic help-desk', '28-8720-4064', '99-39761-2819', 'asigfridr@youtu.be');
insert into pessoas (pessoaid, nome, rg, cpf, sexo, nascimento, inclusao, nacionalidade, cep, rua, bairro, cidade, estado, numero, complemento, telefone, celular, email) values (29, 'Fayette Evers', '50385991-0', '209328263-29', 'F', '26/01/2095', '07/03/1987', 'New Zealand Sign Language', '25511-642', 'Moulton', 'Hill', 'Orlovskiy', null, '3', 'Front-line client-driven help-desk', '99-6402-4834', '04-30810-9913', 'feverss@mozilla.com');
insert into pessoas (pessoaid, nome, rg, cpf, sexo, nascimento, inclusao, nacionalidade, cep, rua, bairro, cidade, estado, numero, complemento, telefone, celular, email) values (30, 'Ettie Prebble', '75535292-2', '546437304-51', 'F', '29/03/2863', '21/08/2635', 'Estonian', '27355-499', 'Merrick', 'Trail', 'Kochetok', null, '1392', 'Cross-group context-sensitive alliance', '45-5587-3606', '67-51978-3755', 'eprebblet@noaa.gov');
insert into pessoas (pessoaid, nome, rg, cpf, sexo, nascimento, inclusao, nacionalidade, cep, rua, bairro, cidade, estado, numero, complemento, telefone, celular, email) values (31, 'Paulina Braunlein', '00442064-5', '825987308-88', 'F', '02/02/2729', '04/03/2074', 'Malay', '82806-498', 'Iowa', 'Lane', 'Rodhítsa', null, '53', 'Digitized optimal ability', '11-5740-4167', '65-66287-3249', 'pbraunleinu@globo.com');
insert into pessoas (pessoaid, nome, rg, cpf, sexo, nascimento, inclusao, nacionalidade, cep, rua, bairro, cidade, estado, numero, complemento, telefone, celular, email) values (32, 'Andrey Gilderoy', '91456682-3', '338274291-49', 'M', '15/08/2010', '15/06/2803', 'Azeri', '57376-829', 'Donald', 'Crossing', 'Akriní', null, '6578', 'Business-focused foreground standardization', '72-1461-4048', '50-22795-6259', 'agilderoyv@bbb.org');
insert into pessoas (pessoaid, nome, rg, cpf, sexo, nascimento, inclusao, nacionalidade, cep, rua, bairro, cidade, estado, numero, complemento, telefone, celular, email) values (33, 'Barb Satterfitt', '89471934-9', '668446212-00', 'F', '16/06/2867', '29/10/2175', 'Montenegrin', '75488-232', 'Green', 'Circle', 'Saint-Eustache', 'QC', '057', 'Robust systematic groupware', '88-2464-8677', '64-53937-6921', 'bsatterfittw@amazonaws.com');
insert into pessoas (pessoaid, nome, rg, cpf, sexo, nascimento, inclusao, nacionalidade, cep, rua, bairro, cidade, estado, numero, complemento, telefone, celular, email) values (34, 'Clari Hannond', '71067430-2', '755829249-93', 'F', '10/09/2305', '10/02/2739', 'Zulu', '65287-465', 'Scofield', 'Crossing', 'Zbytków', null, '2124', 'Future-proofed analyzing internet solution', '51-7815-7551', '56-66486-3953', 'channondx@sogou.com');
insert into pessoas (pessoaid, nome, rg, cpf, sexo, nascimento, inclusao, nacionalidade, cep, rua, bairro, cidade, estado, numero, complemento, telefone, celular, email) values (35, 'Cristobal Drynan', '40891880-1', '581100868-92', 'M', '31/03/2776', '05/07/2719', 'Estonian', '64482-606', 'Merrick', 'Drive', 'Milano', 'LM', '08577', 'Horizontal holistic capability', '95-3080-1167', '50-40231-3668', 'cdrynany@ovh.net');
insert into pessoas (pessoaid, nome, rg, cpf, sexo, nascimento, inclusao, nacionalidade, cep, rua, bairro, cidade, estado, numero, complemento, telefone, celular, email) values (36, 'Sean Keough', '70943901-8', '850262635-53', 'M', '21/10/1985', '30/12/2009', 'Italian', '10986-959', 'Corscot', 'Trail', 'Kaduela', null, '3035', 'Enterprise-wide attitude-oriented database', '52-1397-6457', '16-40014-0105', 'skeoughz@angelfire.com');
insert into pessoas (pessoaid, nome, rg, cpf, sexo, nascimento, inclusao, nacionalidade, cep, rua, bairro, cidade, estado, numero, complemento, telefone, celular, email) values (37, 'Darlleen Wimpeney', '77374537-9', '775363846-71', 'F', '17/06/2332', '18/02/2052', 'Pashto', '85055-460', 'Evergreen', 'Park', 'Varybóbi', null, '229', 'Switchable attitude-oriented architecture', '98-6013-0487', '57-95245-8825', 'dwimpeney10@columbia.edu');
insert into pessoas (pessoaid, nome, rg, cpf, sexo, nascimento, inclusao, nacionalidade, cep, rua, bairro, cidade, estado, numero, complemento, telefone, celular, email) values (38, 'Margi Christy', '27148475-9', '102836425-13', 'F', '16/07/2086', '06/12/2295', 'Aymara', '18247-262', 'Warrior', 'Crossing', 'Uk', null, '1446', 'Devolved non-volatile emulation', '69-0675-8414', '04-45196-2852', 'mchristy11@devhub.com');
insert into pessoas (pessoaid, nome, rg, cpf, sexo, nascimento, inclusao, nacionalidade, cep, rua, bairro, cidade, estado, numero, complemento, telefone, celular, email) values (39, 'Weston Di Ruggiero', '02605923-5', '118550163-17', 'M', '04/05/2937', '13/01/2810', 'French', '10286-253', 'Boyd', 'Park', 'La Cruz', 'GUA', '4', 'Operative system-worthy moratorium', '68-5691-7938', '37-38118-3385', 'wdi12@marketwatch.com');
insert into pessoas (pessoaid, nome, rg, cpf, sexo, nascimento, inclusao, nacionalidade, cep, rua, bairro, cidade, estado, numero, complemento, telefone, celular, email) values (40, 'Fonzie McGlynn', '43226652-7', '103686819-55', 'M', '11/04/2624', '10/09/2881', 'Tamil', '73156-214', 'Farwell', 'Avenue', 'Leśnica', null, '05787', 'Reactive homogeneous migration', '13-2459-4002', '06-39029-5017', 'fmcglynn13@is.gd');
insert into pessoas (pessoaid, nome, rg, cpf, sexo, nascimento, inclusao, nacionalidade, cep, rua, bairro, cidade, estado, numero, complemento, telefone, celular, email) values (41, 'Legra Hudspeth', '53499025-4', '327728500-59', 'F', '15/03/2674', '25/05/2210', 'Aymara', '07999-755', 'Pond', 'Circle', 'L’vovskiy', null, '6', 'Right-sized multi-state intranet', '47-6642-7022', '99-15916-1853', 'lhudspeth14@sciencedirect.com');
insert into pessoas (pessoaid, nome, rg, cpf, sexo, nascimento, inclusao, nacionalidade, cep, rua, bairro, cidade, estado, numero, complemento, telefone, celular, email) values (42, 'Wandie Dymott', '59851047-1', '950872847-31', 'F', '06/11/2401', '30/07/2891', 'Bislama', '39099-379', 'Miller', 'Way', 'Kotri', null, '51351', 'Programmable empowering installation', '12-8258-4397', '84-40520-1494', 'wdymott15@cargocollective.com');
insert into pessoas (pessoaid, nome, rg, cpf, sexo, nascimento, inclusao, nacionalidade, cep, rua, bairro, cidade, estado, numero, complemento, telefone, celular, email) values (43, 'Devinne Tattersdill', '65522062-4', '500300974-19', 'F', '24/06/2466', '13/11/2500', 'Spanish', '11306-591', 'Chinook', 'Terrace', 'Dearborn', 'MI', '11394', 'Multi-channelled directional capacity', '69-1137-2012', '23-72081-7000', 'dtattersdill16@scientificamerican.com');
insert into pessoas (pessoaid, nome, rg, cpf, sexo, nascimento, inclusao, nacionalidade, cep, rua, bairro, cidade, estado, numero, complemento, telefone, celular, email) values (44, 'Rafaellle Pledge', '94893010-2', '854613001-26', 'M', '03/05/2850', '28/10/2609', 'Quechua', '02776-190', '8th', 'Junction', 'Karanglincak', null, '9', 'Proactive multi-tasking emulation', '56-0150-7214', '30-86435-1782', 'rpledge17@opensource.org');
insert into pessoas (pessoaid, nome, rg, cpf, sexo, nascimento, inclusao, nacionalidade, cep, rua, bairro, cidade, estado, numero, complemento, telefone, celular, email) values (45, 'Syman Hicklingbottom', '52278944-0', '556349341-99', 'M', '15/03/2566', '13/06/2772', 'Persian', '95468-721', 'Cardinal', 'Parkway', 'Bolhos', '10', '01', 'Profit-focused human-resource groupware', '03-9839-7362', '95-82185-2693', 'shicklingbottom18@loc.gov');
insert into pessoas (pessoaid, nome, rg, cpf, sexo, nascimento, inclusao, nacionalidade, cep, rua, bairro, cidade, estado, numero, complemento, telefone, celular, email) values (46, 'Sarene Iannelli', '19407165-7', '335753511-12', 'F', '13/02/2052', '18/11/2881', 'Bosnian', '84099-539', 'Brentwood', 'Center', 'Ad Dawādimī', null, '8', 'Sharable 3rd generation monitoring', '21-5968-1711', '37-54947-9726', 'siannelli19@nationalgeographic.com');
insert into pessoas (pessoaid, nome, rg, cpf, sexo, nascimento, inclusao, nacionalidade, cep, rua, bairro, cidade, estado, numero, complemento, telefone, celular, email) values (47, 'Janot Diggons', '69479185-3', '940325556-82', 'F', '14/01/2475', '08/09/2798', 'Portuguese', '56364-836', 'Bartelt', 'Alley', 'Krzemieniewo', null, '97014', 'Adaptive national framework', '20-9203-6273', '64-08253-1577', 'jdiggons1a@gizmodo.com');
insert into pessoas (pessoaid, nome, rg, cpf, sexo, nascimento, inclusao, nacionalidade, cep, rua, bairro, cidade, estado, numero, complemento, telefone, celular, email) values (48, 'Kai Hanson', '48838415-6', '355142806-45', 'F', '08/09/2154', '23/06/2218', 'Norwegian', '58642-054', 'Warbler', 'Pass', 'Nizhniy Lomov', null, '1', 'Front-line tangible data-warehouse', '41-8085-5994', '65-50269-2331', 'khanson1b@nasa.gov');
insert into pessoas (pessoaid, nome, rg, cpf, sexo, nascimento, inclusao, nacionalidade, cep, rua, bairro, cidade, estado, numero, complemento, telefone, celular, email) values (49, 'Barri Biggar', '61439910-0', '545440769-14', 'M', '26/08/1946', '09/11/2947', 'New Zealand Sign Language', '78330-867', 'Oak', 'Drive', 'Alangilanan', null, '28629', 'Proactive next generation contingency', '56-1315-4854', '78-88935-6890', 'bbiggar1c@jigsy.com');
insert into pessoas (pessoaid, nome, rg, cpf, sexo, nascimento, inclusao, nacionalidade, cep, rua, bairro, cidade, estado, numero, complemento, telefone, celular, email) values (50, 'Zora McDonough', '78674801-9', '564523486-59', 'F', '09/11/2698', '12/01/2797', 'German', '63571-971', 'Lindbergh', 'Way', 'Sindangjawa', null, '883', 'Intuitive modular Graphical User Interface', '61-6445-9477', '12-77683-0691', 'zmcdonough1d@ezinearticles.com');




insert into proprietarios (aceitanotificacoes, comonosconheceu, observacoes, profissao, pessoaid) values (false, 'Re-contextualized context-sensitive instruction set', 'Object-based even-keeled encryption', 'Marketing Manager', 1);
insert into proprietarios (aceitanotificacoes, comonosconheceu, observacoes, profissao, pessoaid) values (false, 'Organic background portal', 'Face to face motivating productivity', 'Operator', 2);
insert into proprietarios (aceitanotificacoes, comonosconheceu, observacoes, profissao, pessoaid) values (false, 'Profit-focused clear-thinking concept', 'Exclusive 3rd generation standardization', 'Analog Circuit Design manager', 3);
insert into proprietarios (aceitanotificacoes, comonosconheceu, observacoes, profissao, pessoaid) values (false, 'Up-sized global frame', 'Sharable 24/7 ability', 'VP Accounting', 4);
insert into proprietarios (aceitanotificacoes, comonosconheceu, observacoes, profissao, pessoaid) values (false, 'Focused fault-tolerant application', 'Profound next generation concept', 'Safety Technician I', 5);
insert into proprietarios (aceitanotificacoes, comonosconheceu, observacoes, profissao, pessoaid) values (false, 'Re-contextualized explicit standardization', 'Adaptive executive knowledge user', 'VP Accounting', 6);
insert into proprietarios (aceitanotificacoes, comonosconheceu, observacoes, profissao, pessoaid) values (false, 'Stand-alone uniform hierarchy', 'Expanded maximized system engine', 'Analyst Programmer', 7);
insert into proprietarios (aceitanotificacoes, comonosconheceu, observacoes, profissao, pessoaid) values (false, 'Universal fresh-thinking budgetary management', 'Diverse intermediate paradigm', 'Technical Writer', 8);
insert into proprietarios (aceitanotificacoes, comonosconheceu, observacoes, profissao, pessoaid) values (true, 'Multi-lateral eco-centric matrix', 'Robust optimal initiative', 'Associate Professor', 9);
insert into proprietarios (aceitanotificacoes, comonosconheceu, observacoes, profissao, pessoaid) values (true, 'User-centric exuding protocol', 'Exclusive discrete frame', 'Safety Technician I', 10);
insert into proprietarios (aceitanotificacoes, comonosconheceu, observacoes, profissao, pessoaid) values (false, 'Sharable zero tolerance workforce', 'Managed explicit strategy', 'Account Executive', 11);
insert into proprietarios (aceitanotificacoes, comonosconheceu, observacoes, profissao, pessoaid) values (true, 'Object-based cohesive analyzer', 'Open-source 24 hour neural-net', 'Legal Assistant', 12);
insert into proprietarios (aceitanotificacoes, comonosconheceu, observacoes, profissao, pessoaid) values (true, 'Polarised transitional system engine', 'Expanded content-based protocol', 'Desktop Support Technician', 13);
insert into proprietarios (aceitanotificacoes, comonosconheceu, observacoes, profissao, pessoaid) values (true, 'Self-enabling hybrid middleware', 'Visionary modular knowledge user', 'Cost Accountant', 14);
insert into proprietarios (aceitanotificacoes, comonosconheceu, observacoes, profissao, pessoaid) values (true, 'Balanced scalable product', 'Managed stable benchmark', 'Web Developer II', 15);
insert into proprietarios (aceitanotificacoes, comonosconheceu, observacoes, profissao, pessoaid) values (true, 'Progressive 5th generation approach', 'Integrated discrete orchestration', 'Legal Assistant', 16);
insert into proprietarios (aceitanotificacoes, comonosconheceu, observacoes, profissao, pessoaid) values (false, 'Cross-platform solution-oriented function', 'Profit-focused directional complexity', 'Teacher', 17);
insert into proprietarios (aceitanotificacoes, comonosconheceu, observacoes, profissao, pessoaid) values (true, 'Persevering system-worthy implementation', 'Secured non-volatile open architecture', 'Operator', 18);
insert into proprietarios (aceitanotificacoes, comonosconheceu, observacoes, profissao, pessoaid) values (true, 'Down-sized reciprocal emulation', 'User-centric regional info-mediaries', 'Desktop Support Technician', 19);
insert into proprietarios (aceitanotificacoes, comonosconheceu, observacoes, profissao, pessoaid) values (true, 'Sharable analyzing budgetary management', 'Proactive object-oriented algorithm', 'Data Coordiator', 20);
insert into proprietarios (aceitanotificacoes, comonosconheceu, observacoes, profissao, pessoaid) values (true, 'Synergized responsive application', 'Virtual bottom-line utilisation', 'Senior Cost Accountant', 21);
insert into proprietarios (aceitanotificacoes, comonosconheceu, observacoes, profissao, pessoaid) values (false, 'Grass-roots cohesive ability', 'Function-based actuating time-frame', 'VP Quality Control', 22);
insert into proprietarios (aceitanotificacoes, comonosconheceu, observacoes, profissao, pessoaid) values (true, 'Grass-roots optimal service-desk', 'Profit-focused 24 hour conglomeration', 'Sales Associate', 23);
insert into proprietarios (aceitanotificacoes, comonosconheceu, observacoes, profissao, pessoaid) values (true, 'Exclusive local attitude', 'Multi-tiered systemic conglomeration', 'Research Associate', 24);
insert into proprietarios (aceitanotificacoes, comonosconheceu, observacoes, profissao, pessoaid) values (true, 'Expanded interactive productivity', 'Open-source cohesive collaboration', 'Senior Editor', 25);
insert into proprietarios (aceitanotificacoes, comonosconheceu, observacoes, profissao, pessoaid) values (true, 'Realigned 4th generation frame', 'Devolved fresh-thinking instruction set', 'Geologist III', 26);
insert into proprietarios (aceitanotificacoes, comonosconheceu, observacoes, profissao, pessoaid) values (false, 'Upgradable heuristic secured line', 'Function-based cohesive artificial intelligence', 'Cost Accountant', 27);
insert into proprietarios (aceitanotificacoes, comonosconheceu, observacoes, profissao, pessoaid) values (false, 'Right-sized didactic Graphic Interface', 'Sharable executive installation', 'Budget/Accounting Analyst III', 28);
insert into proprietarios (aceitanotificacoes, comonosconheceu, observacoes, profissao, pessoaid) values (false, 'Team-oriented 24/7 capacity', 'Profound scalable ability', 'Data Coordiator', 29);
insert into proprietarios (aceitanotificacoes, comonosconheceu, observacoes, profissao, pessoaid) values (true, 'Phased mission-critical capacity', 'Switchable next generation installation', 'Quality Engineer', 30);
insert into proprietarios (aceitanotificacoes, comonosconheceu, observacoes, profissao, pessoaid) values (true, 'Mandatory national frame', 'Secured web-enabled website', 'VP Sales', 31);
insert into proprietarios (aceitanotificacoes, comonosconheceu, observacoes, profissao, pessoaid) values (true, 'Synergistic motivating portal', 'Sharable secondary process improvement', 'Sales Representative', 32);
insert into proprietarios (aceitanotificacoes, comonosconheceu, observacoes, profissao, pessoaid) values (true, 'Monitored discrete Graphical User Interface', 'Cross-group non-volatile support', 'Senior Sales Associate', 33);
insert into proprietarios (aceitanotificacoes, comonosconheceu, observacoes, profissao, pessoaid) values (false, 'Vision-oriented motivating ability', 'Fully-configurable mobile artificial intelligence', 'Quality Engineer', 34);
insert into proprietarios (aceitanotificacoes, comonosconheceu, observacoes, profissao, pessoaid) values (false, 'Compatible methodical productivity', 'Team-oriented didactic access', 'Administrative Officer', 35);
insert into proprietarios (aceitanotificacoes, comonosconheceu, observacoes, profissao, pessoaid) values (false, 'Exclusive 24 hour capacity', 'Persistent multi-tasking frame', 'Occupational Therapist', 36);
insert into proprietarios (aceitanotificacoes, comonosconheceu, observacoes, profissao, pessoaid) values (false, 'Progressive 6th generation frame', 'Adaptive homogeneous local area network', 'Analyst Programmer', 37);
insert into proprietarios (aceitanotificacoes, comonosconheceu, observacoes, profissao, pessoaid) values (true, 'Implemented object-oriented budgetary management', 'Optimized bifurcated encryption', 'Desktop Support Technician', 38);
insert into proprietarios (aceitanotificacoes, comonosconheceu, observacoes, profissao, pessoaid) values (false, 'Ameliorated transitional system engine', 'Re-engineered heuristic standardization', 'Programmer II', 39);
insert into proprietarios (aceitanotificacoes, comonosconheceu, observacoes, profissao, pessoaid) values (false, 'Programmable zero defect project', 'Adaptive coherent process improvement', 'Senior Cost Accountant', 40);
insert into proprietarios (aceitanotificacoes, comonosconheceu, observacoes, profissao, pessoaid) values (true, 'Programmable exuding task-force', 'Streamlined interactive forecast', 'Health Coach IV', 41);
insert into proprietarios (aceitanotificacoes, comonosconheceu, observacoes, profissao, pessoaid) values (false, 'Innovative modular neural-net', 'Phased incremental matrix', 'Account Representative IV', 42);
insert into proprietarios (aceitanotificacoes, comonosconheceu, observacoes, profissao, pessoaid) values (true, 'Triple-buffered zero defect product', 'Cloned impactful database', 'Financial Advisor', 43);
insert into proprietarios (aceitanotificacoes, comonosconheceu, observacoes, profissao, pessoaid) values (false, 'Mandatory even-keeled Graphic Interface', 'Synergized 4th generation website', 'Librarian', 44);
insert into proprietarios (aceitanotificacoes, comonosconheceu, observacoes, profissao, pessoaid) values (true, 'Expanded neutral database', 'Intuitive static success', 'Geologist IV', 45);
insert into proprietarios (aceitanotificacoes, comonosconheceu, observacoes, profissao, pessoaid) values (false, 'Proactive even-keeled frame', 'Polarised value-added neural-net', 'Account Executive', 46);
insert into proprietarios (aceitanotificacoes, comonosconheceu, observacoes, profissao, pessoaid) values (true, 'Universal asynchronous moratorium', 'Operative well-modulated process improvement', 'Recruiting Manager', 47);
insert into proprietarios (aceitanotificacoes, comonosconheceu, observacoes, profissao, pessoaid) values (false, 'Business-focused impactful leverage', 'Fully-configurable maximized service-desk', 'Help Desk Technician', 48);
insert into proprietarios (aceitanotificacoes, comonosconheceu, observacoes, profissao, pessoaid) values (true, 'Organic neutral infrastructure', 'Adaptive directional project', 'Software Engineer I', 49);
insert into proprietarios (aceitanotificacoes, comonosconheceu, observacoes, profissao, pessoaid) values (false, 'Sharable didactic hierarchy', 'Programmable regional capability', 'Financial Advisor', 50);




insert into prontuarios (prontuarioid, animal_animalid) values (1, 1);
insert into prontuarios (prontuarioid, animal_animalid) values (2, 2);
insert into prontuarios (prontuarioid, animal_animalid) values (3, 3);
insert into prontuarios (prontuarioid, animal_animalid) values (4, 4);
insert into prontuarios (prontuarioid, animal_animalid) values (5, 5);
insert into prontuarios (prontuarioid, animal_animalid) values (6, 6);
insert into prontuarios (prontuarioid, animal_animalid) values (7, 7);
insert into prontuarios (prontuarioid, animal_animalid) values (8, 8);
insert into prontuarios (prontuarioid, animal_animalid) values (9, 9);
insert into prontuarios (prontuarioid, animal_animalid) values (10, 10);
insert into prontuarios (prontuarioid, animal_animalid) values (11, 11);
insert into prontuarios (prontuarioid, animal_animalid) values (12, 12);
insert into prontuarios (prontuarioid, animal_animalid) values (13, 13);
insert into prontuarios (prontuarioid, animal_animalid) values (14, 14);
insert into prontuarios (prontuarioid, animal_animalid) values (15, 15);
insert into prontuarios (prontuarioid, animal_animalid) values (16, 16);
insert into prontuarios (prontuarioid, animal_animalid) values (17, 17);
insert into prontuarios (prontuarioid, animal_animalid) values (18, 18);
insert into prontuarios (prontuarioid, animal_animalid) values (19, 19);
insert into prontuarios (prontuarioid, animal_animalid) values (20, 20);
insert into prontuarios (prontuarioid, animal_animalid) values (21, 21);
insert into prontuarios (prontuarioid, animal_animalid) values (22, 22);
insert into prontuarios (prontuarioid, animal_animalid) values (23, 23);
insert into prontuarios (prontuarioid, animal_animalid) values (24, 24);
insert into prontuarios (prontuarioid, animal_animalid) values (25, 25);
insert into prontuarios (prontuarioid, animal_animalid) values (26, 26);
insert into prontuarios (prontuarioid, animal_animalid) values (27, 27);
insert into prontuarios (prontuarioid, animal_animalid) values (28, 28);
insert into prontuarios (prontuarioid, animal_animalid) values (29, 29);
insert into prontuarios (prontuarioid, animal_animalid) values (30, 30);
insert into prontuarios (prontuarioid, animal_animalid) values (31, 31);
insert into prontuarios (prontuarioid, animal_animalid) values (32, 32);
insert into prontuarios (prontuarioid, animal_animalid) values (33, 33);
insert into prontuarios (prontuarioid, animal_animalid) values (34, 34);
insert into prontuarios (prontuarioid, animal_animalid) values (35, 35);
insert into prontuarios (prontuarioid, animal_animalid) values (36, 36);
insert into prontuarios (prontuarioid, animal_animalid) values (37, 37);
insert into prontuarios (prontuarioid, animal_animalid) values (38, 38);
insert into prontuarios (prontuarioid, animal_animalid) values (39, 39);
insert into prontuarios (prontuarioid, animal_animalid) values (40, 40);
insert into prontuarios (prontuarioid, animal_animalid) values (41, 41);
insert into prontuarios (prontuarioid, animal_animalid) values (42, 42);
insert into prontuarios (prontuarioid, animal_animalid) values (43, 43);
insert into prontuarios (prontuarioid, animal_animalid) values (44, 44);
insert into prontuarios (prontuarioid, animal_animalid) values (45, 45);
insert into prontuarios (prontuarioid, animal_animalid) values (46, 46);
insert into prontuarios (prontuarioid, animal_animalid) values (47, 47);
insert into prontuarios (prontuarioid, animal_animalid) values (48, 48);
insert into prontuarios (prontuarioid, animal_animalid) values (49, 49);
insert into prontuarios (prontuarioid, animal_animalid) values (50, 50);


